PC_Time_s,SML_ADC_Raw,Fx,Fy,Fz,Tx,Ty,Tz
0.0025169849395751953,-9,0.014243851527075906,0.1550743434043429,0.028230715506693035,-0.21964536498399945,0.19611316888391347,-0.06158178249978374
0.08684110641479492,-7583,0.01232015677362331,0.15571557504173025,0.029232639863563354,-0.22012628866891334,0.19410931994967426,-0.0607802430348915
0.19337201118469238,-15277,0.013402235072270792,0.15824042461710666,0.030675410938196465,-0.2212885209077533,0.19515132139502508,-0.06001878054315144
0.30791330337524414,-23166,0.016087392333770482,0.15739880809141893,0.03187772016773012,-0.22044690445889592,0.19703493939488645,-0.060579858168652904
0.4110679626464844,-31207,0.01873247262390046,0.1571182692496482,0.035364416936885155,-0.22092782814393008,0.19819717177939045,-0.061100858820860283
0.5181534290313721,-39115,0.03143687345016307,0.15996373464765934,0.048108894828900996,-0.22233052222569552,0.20593202871483401,-0.060900473954631655
0.6297364234924316,-46802,0.0465859697938451,0.16489320288779316,0.060412526074414975,-0.22862260711457139,0.21394742456200946,-0.0584157016128722
0.7366862297058105,-54057,0.05648498254165301,0.16020419651257667,0.0719146178948834,-0.22545652618160705,0.22204297443028617,-0.05981839567688894
0.8392393589019775,-60449,0.06506145516420084,0.16401150937998074,0.08249493935417625,-0.22689929723925445,0.2299782164429568,-0.06246347591105172
0.9574010372161865,-64636,0.07848724182432953,0.16914136252527712,0.09576041824489794,-0.2303058400170082,0.23466722311652652,-0.06025924238265811
1.0630757808685303,-67594,0.09030994956411913,0.16850013088093013,0.1068216635654033,-0.2322696117377412,0.241720771659318,-0.06013901146290592
1.1662507057189941,-69338,0.1026937350490752,0.17066428768196878,0.11900506429996663,-0.23483453806888127,0.24889455119634435,-0.05849585555939596
1.2751495838165283,-69854,0.11407559622770379,0.17278836750900617,0.1298659249084109,-0.23511507688649036,0.2555473300337241,-0.06178216736599137
1.387054443359375,-69851,0.11074920721252068,0.16833982296989655,0.1256578423750564,-0.23471430714705732,0.2539442507914537,-0.05985847265014194
1.494992733001709,-69068,0.10746289518057339,0.1710650574603664,0.1255776884221614,-0.23395284464229119,0.2506980153343245,-0.06270393775046805
1.6042706966400146,-67384,0.11307367182476763,0.17110513443821354,0.12898423142419219,-0.2339127676683618,0.25723056324110133,-0.06049970422215572
1.711038589477539,-65731,0.1088255123636959,0.1700631330146233,0.12313299286102126,-0.23351199792909894,0.252541556456739,-0.060820320008138466
1.815737009048462,-64070,0.10662127868571718,0.17194675097331336,0.12429522517645314,-0.23515515386043678,0.2538240198483952,-0.06070008908839681
1.925203561782837,-54949,0.10970720583577304,0.17086467257115087,0.12405476331801077,-0.2336723058247973,0.25614848475029184,-0.06130124368708271
2.034996271133423,-45735,0.10718235634890373,0.17274829053110258,0.12076845125665298,-0.23575630846970203,0.25198047872344487,-0.06126116671383871
2.143366575241089,-36262,0.10718235634890373,0.16898105461415844,0.1232532237901603,-0.22982491633049962,0.2586332575829346,-0.06274401472370326
2.2579264640808105,-26637,0.11058889930835926,0.1722673667963644,0.1265395358571993,-0.2351952308343838,0.2544652515448873,-0.06218293709838831
2.3620498180389404,-17108,0.10778351098825836,0.17070436465980254,0.12096883613822954,-0.23455399925130008,0.2529824032474214,-0.059778318703635674
2.4724225997924805,-7686,0.11143051580539556,0.16958220928096335,0.12970561700214808,-0.23447384530342483,0.2539442507914537,-0.06234324499134029
2.577115535736084,1295,0.11147059278145656,0.1743914466262584,0.12706053655145,-0.23635746307909636,0.25775156399638927,-0.06025924238265811
2.691803455352783,9491,0.10642089380605702,0.17238759773003076,0.12229137635732865,-0.23439369135555188,0.25234117155195235,-0.0626237838039969
2.800828695297241,15442,0.10982743676382295,0.17162613515034833,0.126419304927784,-0.23547576965202888,0.25494617531754743,-0.061822244339232175
2.9062511920928955,20043,0.1096671288597585,0.17282844448691112,0.12573799632795593,-0.23727923348042002,0.2514995549523185,-0.061822244339232175
3.0160229206085205,23446,0.10782358796422367,0.1726280595973998,0.12429522517645314,-0.23455399925130008,0.25490609833648287,-0.06254362985752479
3.12302565574646,25596,0.11627982991652672,0.17587429481164846,0.1316293118785153,-0.237760157168189,0.260035951926915,-0.06290432261664172
3.231095552444458,26477,0.11171105463784478,0.17246775168581505,0.1282628458466065,-0.23407307556408277,0.255827868901407,-0.06290432261664172
3.3401339054107666,26718,0.11251259415941506,0.17162613515034833,0.1275414602693899,-0.23483453806888127,0.2577114870152028,-0.062022629205432465
3.449049472808838,26617,0.10814420377198374,0.1721070588848281,0.1265395358571993,-0.23130776436415507,0.2547858673932996,-0.06230316801810266
3.55600905418396,26588,0.11219197835073592,0.17302882937645614,0.12569791935150562,-0.23403299859015167,0.2573507941846031,-0.06206270617867179
3.667583703994751,26582,0.11283320996816236,0.17246775168581505,0.12714069050442864,-0.23407307556408277,0.25767141003401806,-0.061341320660326444
3.7720468044281006,26561,0.10938659002768619,0.1698226711477693,0.12405476331801077,-0.23327153608556828,0.255827868901407,-0.06434709365291685
3.8800179958343506,26665,0.11411567320383514,0.17194675097331336,0.1307876953697784,-0.23575630846970203,0.25923441230151995,-0.06506847917094076
3.9890036582946777,26754,0.11720160036918575,0.1739505998687982,0.13207015862139015,-0.23419330648587944,0.26111803042231474,-0.06254362985752479
4.100868463516235,26969,0.11139043882933562,0.17379029195703516,0.12898423142419219,-0.23395284464229119,0.25827256475197274,-0.06250355288428837
4.206218481063843,27156,0.11271297903987414,0.17110513443821354,0.12886400049456892,-0.2331513051638105,0.25923441230151995,-0.06218293709838831
4.318877458572388,27240,0.11563859829762362,0.17318913728811647,0.13138885001882428,-0.23591661636552788,0.2598355670205003,-0.06302455353634306
4.422150373458862,27218,0.1119114395181975,0.1739505998687982,0.12910446235382578,-0.23655784794892332,0.2557877919203042,-0.06358563116158757
4.533236742019653,27266,0.10990759071586148,0.17310898333228358,0.12742122933988959,-0.23511507688649036,0.2573507941846031,-0.06506847917094076
4.639199495315552,27206,0.11026828350008705,0.17631514156982656,0.13030677165072824,-0.23543569267807787,0.25662940852382804,-0.06382609300096387
4.74998140335083,27129,0.1094667439797016,0.17150590421675865,0.12718076748091967,-0.23267038147683003,0.25682979342954215,-0.06514863311738325
4.855030298233032,27138,0.11587906015467986,0.1744716005821779,0.13239077443447794,-0.23503492293859918,0.26011610588949313,-0.06410663181355886
4.963044881820679,27166,0.11503744365515302,0.1735097531115019,0.13062738746340996,-0.23515515386043678,0.26236041684454536,-0.0626638607772326
5.071114778518677,27257,0.1176825240838447,0.17290859844272508,0.1305071565336457,-0.23639754005306063,0.25991572098306087,-0.06230316801810266
5.179307222366333,27370,0.1165202917736868,0.17334944519979836,0.12946515514278825,-0.23387269069443298,0.2609577224969893,-0.0626237838039969
5.28819465637207,27461,0.11379505739481423,0.1735097531115019,0.13146900397205,-0.23447384530342483,0.2613985692917023,-0.06446732457259272
5.399925470352173,27621,0.12004706568320571,0.17334944519979836,0.1365587800114024,-0.23780023414217355,0.26047679872118207,-0.06470778641193817
5.507237434387207,27923,0.12301276193189224,0.17367006102322707,0.1398450921098749,-0.23363222885087187,0.2642841119532931,-0.06518871009060416
5.6156744956970215,28470,0.12637922795131448,0.17342959915564743,0.13760078140761636,-0.2344337683294881,0.26624788404770167,-0.06070008908839681
5.719057559967041,29238,0.1254173805163849,0.173870445912914,0.13940424536449403,-0.23707884861054096,0.2676505784034785,-0.06198255223219289
5.827010631561279,30314,0.13042700258047524,0.17639529552587666,0.14762002564328452,-0.23820100388205104,0.27057619806689887,-0.06402647786710432
5.9340667724609375,31636,0.13295185210756014,0.17563383294362084,0.1499044133396748,-0.23856169664799085,0.27113727581166785,-0.06562955679601905
6.038356781005859,32998,0.1337934686176103,0.17583421783364042,0.15138726149562795,-0.23719907953246663,0.2719788924294873,-0.062383321964577666
6.152376174926758,34654,0.134154161407789,0.17435136964830072,0.15078610683760374,-0.2383212348040257,0.27470412719745285,-0.06462763246549061
6.260897636413574,36779,0.1281025379405265,0.1737502149790978,0.1425302495621413,-0.23631738610513275,0.2689731187980821,-0.06306463050957635
6.366018533706665,39236,0.1330720830375359,0.17491244733983202,0.14741964075782743,-0.23812084993407084,0.2722594313022716,-0.06374593905450605
6.4750940799713135,41357,0.13507593187200873,0.17787814371379093,0.1529502636078066,-0.23687846374067642,0.27506482003502164,-0.06330509234897114
6.583115816116333,43519,0.12886400049456892,0.17671591135013182,0.1463375623768897,-0.2369586176886205,0.26925365766991666,-0.06358563116158757
6.695590972900391,45819,0.13070754141659188,0.17471206244996887,0.14705894796408212,-0.2361170012353231,0.27169835355679195,-0.06458755549226648
6.802004337310791,47833,0.1335129297808699,0.17503267827376623,0.14958379752239515,-0.23539561570412745,0.2735418947218488,-0.0639864008938767
6.910083770751953,49818,0.13295185210756014,0.17274829053110258,0.1478604875058736,-0.2376399262462389,0.2747442041793976,-0.06286424564340747
7.019036293029785,51810,0.1319499276915013,0.1732692912439547,0.14830133425406877,-0.23455399925130008,0.2723796622477778,-0.06582994166210764
7.1299967765808105,53699,0.1311083111825706,0.17330936822187584,0.14140809420829997,-0.23800061901210495,0.26741011651376084,-0.06218293709838831
7.239557981491089,55505,0.13395377652434473,0.17555367898762253,0.14850171913966137,-0.23747961835031356,0.27498466607110467,-0.060579858168652904
7.347744941711426,57039,0.13062738746340996,0.17419106173648344,0.14918302775090708,-0.23551584662598046,0.2737422796313262,-0.06382609300096387
7.45373272895813,58481,0.12597845818668152,0.1727082135532003,0.14104740141619398,-0.23715900255849084,0.2676505784034785,-0.06554940284958202
7.562729597091675,59568,0.12958538607246303,0.1746719854720003,0.14569633074416277,-0.23651777097495677,0.26861242596299595,-0.06366578510804728
7.666073322296143,60039,0.12958538607246303,0.17419106173648344,0.14637763935394554,-0.23531546175622825,0.26973458145040996,-0.06434709365291685
7.77405309677124,60325,0.12698038259847588,0.171225365371763,0.1436924818939026,-0.23463415319917758,0.27069642901217666,-0.06390624694742075
7.887916564941406,60325,0.13359308373421847,0.17535329409765057,0.14910287379662435,-0.2344337683294881,0.273261355848657,-0.06314478445604224
7.995744228363037,60289,0.12890407747110888,0.17419106173648344,0.14733948680365322,-0.23812084993407084,0.2692937346516145,-0.0646677094387145
8.106835126876831,60180,0.1301063867678395,0.17503267827376623,0.1450550991117485,-0.2361570782092839,0.27065635203041555,-0.06302455353634306
8.205863237380981,59720,0.1309880802527649,0.1714257502610389,0.14705894796408212,-0.23539561570412745,0.2721392003567817,-0.062022629205432465
8.320002555847168,59483,0.12317306983739983,0.17399067684674238,0.14088709350862252,-0.23407307556408277,0.26877273388968287,-0.06418678576001245
8.432843923568726,59191,0.13134877304221315,0.175593755965621,0.14770017959747594,-0.23479446109493937,0.2728205090481074,-0.06174209039275034
8.535151958465576,58678,0.12581815028085994,0.1715860581724838,0.14012563094791974,-0.23627730913116965,0.2693738886150156,-0.062383321964577666
8.64430546760559,58414,0.1298659249084109,0.16966236323656,0.14128786327758716,-0.23587653939157055,0.2731411249030307,-0.05877639437222096
8.754077196121216,58066,0.12301276193189224,0.17314906031019936,0.13924393745711855,-0.23547576965202888,0.26805134821981835,-0.06198255223219289
8.867695569992065,57541,0.11908521825249713,0.17166621212821428,0.13760078140761636,-0.2364776940009908,0.2668490387713373,-0.06218293709838831
8.97105360031128,56942,0.11800313989370444,0.1726681365752994,0.13559693256945032,-0.23483453806888127,0.26845211803633784,-0.0642268627332389
9.082013845443726,56082,0.11455651994135102,0.17170628910608152,0.13427439233786956,-0.23351199792909894,0.26328218741697673,-0.0643070166796911
9.187127590179443,55003,0.11968637289661585,0.16854020785869184,0.13643854908112132,-0.23295092029422548,0.26869257992633583,-0.06350547721512692
9.299701690673828,53862,0.11347444158586184,0.17186659701756404,0.13323239094418654,-0.2325902275290078,0.2629615715655899,-0.06631086534069727
9.408685684204102,52477,0.11219197835073592,0.1723475207521406,0.13086784932296955,-0.23359215187694699,0.25991572098306087,-0.0653089410102655
9.513031959533691,50698,0.11042859140421471,0.17367006102322707,0.12854338468229037,-0.23387269069443298,0.26007602890820314,-0.0646677094387145
9.621082305908203,48998,0.1085449735317778,0.1746719854720003,0.12629907399837886,-0.231748611077009,0.2595951051328607,-0.06362570813481754
9.729167938232422,47297,0.11523782853594959,0.17054405674847561,0.1308277723463734,-0.231748611077009,0.2665284229186815,-0.06246347591105172
9.838024377822876,45889,0.10994766769188234,0.16950205532537205,0.12385437843600623,-0.23323145911164844,0.26171918514253684,-0.06502840219771917
9.945981740951538,44249,0.11211182439857677,0.17110513443821354,0.12946515514278825,-0.23311122818989238,0.26047679872118207,-0.06623071139426791
10.055110454559326,42278,0.11575882922614687,0.17318913728811647,0.13106823420596755,-0.23230968871164756,0.264925343657119,-0.06454747851904212
10.162966012954712,40427,0.1168409075832943,0.1714257502610389,0.1337934686176103,-0.23323145911164844,0.2658471142321682,-0.06414670878678577
10.273781061172485,38838,0.11535805946444047,0.17182652003969137,0.1331522369908589,-0.2348746150428237,0.2632020334541194,-0.06278409169693824
10.377988576889038,37385,0.12225129938097457,0.1714257502610389,0.1383622439668937,-0.23335169003340958,0.2704960441033894,-0.06446732457259272
10.486042737960815,36276,0.12100891311454816,0.1732692912439547,0.13808170512921544,-0.23643761702702543,0.2678108863299929,-0.062022629205432465
10.595032691955566,35572,0.12189060659383782,0.17242767470792222,0.13880309071193422,-0.23399292161622118,0.2696544274869763,-0.0639864008938767
10.705105304718018,35259,0.12794223003446473,0.1720669819069474,0.147539871689098,-0.23347192095517577,0.27149796864777825,-0.06198255223219289
10.814167737960815,35259,0.13495570094185802,0.17463190849403312,0.155475113177672,-0.2374395413763337,0.2779503627409203,-0.06502840219771917
10.925644397735596,35455,0.13142892699543657,0.17555367898762253,0.14942348961378507,-0.23587653939157055,0.27370220264942713,-0.061100858820860283
11.024688243865967,36878,0.13074761839318458,0.17647544948193228,0.14822118029984038,-0.23667807887082642,0.2753052819268166,-0.06254362985752479
11.139208793640137,38574,0.1293048472365713,0.17110513443821354,0.14830133425406877,-0.23299099726814138,0.2738224335951299,-0.06418678576001245
11.2428879737854,40345,0.1307876953697784,0.17539337107564226,0.14842156518542063,-0.2366380018968581,0.2757060517466212,-0.06322493840250716
11.35789680480957,42552,0.12958538607246303,0.1744716005821779,0.14858187309390702,-0.23539561570412745,0.2756659747646325,-0.06526886403704528
11.46762228012085,44938,0.12421507122363452,0.16841997692541066,0.13711985768618767,-0.23415322951194664,0.2724998931933004,-0.06222301407162668
11.574025869369507,47420,0.12509676470488595,0.16898105461415844,0.14112755536998692,-0.23527538478227955,0.27025558221290436,-0.06334516932220276
11.67914628982544,49570,0.12449561005851927,0.17198682795119,0.1418489409543394,-0.23667807887082642,0.27001512032248437,-0.06126116671383871
11.792001724243164,51262,0.11844398663237563,0.1715860581724838,0.13299192908421756,-0.23026576304312948,0.2685723489813287,-0.06278409169693824
11.899538040161133,52863,0.12257191519183833,0.1727082135532003,0.14144817118520664,-0.2351952308343838,0.2700952742859505,-0.0639864008938767
12.007209062576294,54332,0.12433530215286412,0.17198682795119,0.1413680172313945,-0.23415322951194664,0.2720991233749554,-0.061822244339232175
12.11004638671875,55719,0.12185052961749483,0.1748322933838827,0.13856262885098522,-0.23327153608556828,0.27141781468418547,-0.06206270617867179
12.220146179199219,57067,0.12533722656350343,0.17218721284059355,0.14232986467745753,-0.23339176700733105,0.2737422796313262,-0.06490817127805303
12.328155994415283,58194,0.12710061352793875,0.17310898333228358,0.14469440631865255,-0.23343184398125313,0.2726201241388394,-0.0653490179834855
12.436059713363647,58968,0.12108906706718872,0.17170628910608152,0.14044624676289985,-0.23359215187694699,0.27113727581166785,-0.06342532326866532
12.545092821121216,59603,0.12337345471930938,0.1747521394279388,0.14449402143364182,-0.23479446109493937,0.27037581315813874,-0.0647879403583848
12.65512228012085,59873,0.11812337082241985,0.1698226711477693,0.13403393047771894,-0.2322696117377412,0.26813150218310783,-0.06342532326866532
12.763017416000366,59873,0.12441545610568946,0.17126544234961547,0.13892332164242477,-0.2348746150428237,0.2730208939574208,-0.06234324499134029
12.872134685516357,59049,0.1117511316139132,0.1726280595973998,0.13062738746340996,-0.23287076634639542,0.2628814176027609,-0.06250355288428837
12.983979225158691,57863,0.11728175432161803,0.17254790564160474,0.13475531605829694,-0.23295092029422548,0.26845211803633784,-0.06542917192992478
13.088169813156128,56682,0.11555844434528018,0.17058413372630532,0.1300663097912652,-0.2316684571292124,0.266728807826578,-0.06394632392064883
13.191971063613892,55260,0.11648021479749074,0.17202690492906803,0.131909850714874,-0.2322295347638354,0.2658070372506247,-0.06226309104486479
13.30431342124939,53797,0.114676750869787,0.17166621212821428,0.13239077443447794,-0.231748611077009,0.26889296483471703,-0.0639864008938767
13.415487051010132,52386,0.10930643607567499,0.17174636608395014,0.13054723351023262,-0.23066653278194144,0.2675303474586116,-0.06330509234897114
13.522705554962158,51168,0.11375498041869143,0.1703436718593471,0.1282227688700848,-0.2345139222773622,0.26548642139834083,-0.05997870356989945
13.630658626556396,50311,0.11090951511669903,0.16938182439199506,0.1305071565336457,-0.23230968871164756,0.261839416086629,-0.05945770291760039
13.734139919281006,49422,0.11323397972919251,0.1713455963053245,0.12778192212842115,-0.2325902275290078,0.2638432651571771,-0.06198255223219289
13.843127727508545,48504,0.10922628212366799,0.17174636608395014,0.12750138329288865,-0.23102722554691926,0.2636028032684772,-0.06334516932220276
13.953163862228394,47621,0.11299351787256161,0.16833982296989655,0.13126861908899434,-0.2307066097558257,0.2640436500644759,-0.06414670878678577
14.06435227394104,46648,0.10726251030080414,0.1690612085697151,0.12465591796419236,-0.2316684571292124,0.2638833421386333,-0.06286424564340747
14.16785740852356,45495,0.1088655893396884,0.1713455963053245,0.12958538607246303,-0.23058637883417465,0.26207987797486093,-0.06306463050957635
14.277590036392212,44393,0.1088255123636959,0.170223440925886,0.12561776539860836,-0.23082684067748163,0.2632020334541194,-0.06258370683076096
14.388548612594604,43068,0.106901817517285,0.1700631330146233,0.12629907399837886,-0.23038599396476733,0.26211995495623913,-0.06414670878678577
14.501511096954346,41683,0.106901817517285,0.16994290208119028,0.12020737358838535,-0.23134784133804812,0.260035951926915,-0.06342532326866532
14.610126972198486,40362,0.10225288831496414,0.16950205532537205,0.12008714265949896,-0.23090699462525502,0.25811225682714634,-0.06482801733160777
14.721759796142578,39225,0.10710220239700746,0.170143286970252,0.1254975344692709,-0.23118753344247925,0.26408372704594096,-0.06554940284958202
14.83173680305481,38038,0.10301435085577884,0.17058413372630532,0.12385437843600623,-0.22633821960564346,0.26376311119427,-0.06394632392064883
14.931008577346802,37047,0.10313458178330953,0.16910128554749546,0.12241160728639754,-0.23058637883417465,0.26007602890820314,-0.06338524629543417
15.044049263000488,36074,0.10730258727675591,0.17242767470792222,0.12690022864550632,-0.23202914989431467,0.26232033986315656,-0.06126116671383871
15.152141094207764,35140,0.10529873848043814,0.1688608236808334,0.12357383960124685,-0.2316684571292124,0.2609176455156623,-0.06374593905450605
15.256038188934326,34342,0.10401627525214903,0.17058413372630532,0.1201672966120888,-0.23086691765136802,0.2593947202265427,-0.06542917192992478
15.368070602416992,33503,0.10634073985420019,0.170143286970252,0.12373414750681692,-0.22970468540888478,0.2609577224969893,-0.06342532326866532
15.477087259292603,32745,0.10565943126358442,0.1710650574603664,0.12533722656350343,-0.22918368474861042,0.2622001089190008,-0.06414670878678577
15.584003448486328,32154,0.1016517336777382,0.16930167043641708,0.12088868218559559,-0.23022568606925128,0.25883364248908586,-0.06542917192992478
15.693057537078857,31554,0.10626058590234752,0.1714658272388981,0.1241749942472269,-0.2307066097558257,0.26211995495623913,-0.06522878706382484
15.805460691452026,30867,0.10437696803499898,0.16990282510338195,0.12485630284630896,-0.2323497656855545,0.26155887721710547,-0.06334516932220276
15.91010046005249,30320,0.10197234948423027,0.1707444416376376,0.1275414602693899,-0.2298649933043723,0.2609577224969893,-0.06763340545665382
16.022534132003784,29820,0.1075430491324884,0.17162613515034833,0.12734107538689507,-0.23379253674657702,0.26228026288176953,-0.0661906344210529
16.13141441345215,29497,0.10161165670193126,0.16777874528144626,0.11900506429996663,-0.22918368474861042,0.261839416086629,-0.06290432261664172
16.235150575637817,29352,0.10606020102273396,0.17010320999243697,0.12605861213959907,-0.23126768739026257,0.26348257232415123,-0.06342532326866532
16.338640451431274,29218,0.1055792773117669,0.16829974599214148,0.12217114542826973,-0.23267038147683003,0.2606371066464229,-0.060940550927877875
16.448679447174072,29174,0.10433689105912267,0.16589512732925968,0.12213106845191898,-0.22966460843501424,0.2624806477887224,-0.06542917192992478
16.563945055007935,29174,0.10898582026767216,0.16978259416996497,0.1272208444574118,-0.2322696117377412,0.2661276531030229,-0.06631086534069727
16.674129962921143,29260,0.10089027113757942,0.16994290208119028,0.11988675777804365,-0.22513591039111155,0.25967525909540023,-0.06106078184761505
16.784537315368652,29507,0.10401627525214903,0.1662157431507026,0.12084860520928029,-0.22930391567020403,0.2618794930679965,-0.06510855614416212
16.89568591117859,29636,0.1070621254210609,0.1676985913259746,0.1251368416813194,-0.2303058400170082,0.2626008787329153,-0.06695209691210012
17.0004665851593,29620,0.10686174054134363,0.1700631330146233,0.12481622586988339,-0.22990507027824558,0.2617592621238991,-0.0639864008938767
17.108049392700195,29703,0.10373573642110093,0.16837989994765296,0.1222112224046216,-0.23094707159914254,0.2602363368333736,-0.0647478633851616
17.2171733379364,29773,0.1061002779986546,0.16850013088093013,0.1239345323888047,-0.2307066097558257,0.2616390311798176,-0.0653089410102655
17.331115245819092,29790,0.1055392003358597,0.169622286258761,0.1249765337755924,-0.232710458450742,0.2622401859003843,-0.0653089410102655
17.44090223312378,29805,0.10257350412157815,0.1690211315919361,0.12261199216820129,-0.23006537817374406,0.2585130266392649,-0.06278409169693824
17.550797700881958,29736,0.10497812267326712,0.17038374883717014,0.1251368416813194,-0.22573706499831825,0.2675303474586116,-0.06250355288428837
17.65215539932251,29732,0.10321473573500176,0.16854020785869184,0.12365399355402965,-0.22858253014071553,0.26376311119427,-0.06386616997419242
17.7666437625885,29854,0.10481781476970632,0.16866043879198495,0.12092875916191202,-0.23074668672971044,0.26280126363993905,-0.06158178249978374
17.87460947036743,29956,0.10197234948423027,0.1732292142660349,0.120568066375104,-0.23074668672971044,0.2573507941846031,-0.06178216736599137
17.978126049041748,30008,0.10493804569737537,0.16994290208119028,0.1239345323888047,-0.2304661479125286,0.261518800235752,-0.06326501537573927
18.09259343147278,30069,0.10762320308440755,0.16854020785869184,0.12786207608144065,-0.22842222224529746,0.2651257285646581,-0.06402647786710432
18.203847646713257,30078,0.1014914257745165,0.1671775906155377,0.12269214612093057,-0.22866268408842783,0.2628814176027609,-0.06578986468889036
18.318588972091675,30175,0.10365558246938211,0.16513366475367025,0.12008714265949896,-0.22657868144860685,0.2650455746016371,-0.06406655484033169
18.428178548812866,30162,0.10469758384204653,0.16914136252527712,0.12285245402640249,-0.22814168342833657,0.2629615715655899,-0.06270393775046805
18.5398690700531,30078,0.10036927045241785,0.1691814395030601,0.12104899009086788,-0.22950430053953758,0.2629214945841746,-0.0647478633851616
18.64411950111389,29950,0.10285404295241886,0.1690211315919361,0.12289253100277327,-0.2318688419987081,0.2637230342128191,-0.06418678576001245
18.752012491226196,29900,0.1014914257745165,0.1720669819069474,0.12609868911605954,-0.22958445448727482,0.2628413406213491,-0.06314478445604224
18.860065937042236,29890,0.1029341969040968,0.16922151648084446,0.12213106845191898,-0.231588303181418,0.2617592621238991,-0.06538909495670525
18.97307276725769,29947,0.10229296529078734,0.16990282510338195,0.12189060659383782,-0.23022568606925128,0.26400357308301253,-0.06615055744783765
19.077049493789673,29962,0.10221281133914197,0.17002305603681098,0.1241749942472269,-0.22906345382702167,0.2619195700493659,-0.0646677094387145
19.184550762176514,29889,0.10309450480746495,0.16850013088093013,0.1219306835701819,-0.23106730252080843,0.26083749155301367,-0.0643070166796911
19.288058519363403,29913,0.10850489655579369,0.16745812945959132,0.12886400049456892,-0.23138791831194172,0.2670494236793054,-0.06306463050957635
19.402107000350952,29989,0.10257350412157815,0.16557451150790106,0.12036768149358264,-0.22894322290543784,0.2602363368333736,-0.06490817127805303
19.514267683029175,30057,0.1042567371073731,0.16833982296989655,0.12461584098777241,-0.22758060579449388,0.26861242596299595,-0.0668318659924664
19.619043111801147,30087,0.10618043195049898,0.1668970517715489,0.12205091449922084,-0.2306264558080578,0.26232033986315656,-0.06366578510804728
19.727137565612793,30149,0.10060973230708661,0.17058413372630532,0.11916537220503204,-0.2306264558080578,0.2590741043765252,-0.06410663181355886
19.840713262557983,30203,0.10185211855678813,0.17094482652683307,0.12301276193189224,-0.22942414659180255,0.2609577224969893,-0.060940550927877875
19.946114778518677,30221,0.10810412679601007,0.16721766759325568,0.12433530215286412,-0.23026576304312948,0.26480511271261686,-0.06346540024189623
20.053091526031494,30339,0.10297427387993731,0.16862036181421924,0.12317306983739983,-0.22954437751340592,0.26452457384217437,-0.06378601602773508
20.161070823669434,30462,0.100810117186005,0.1682596690143877,0.12241160728639754,-0.22958445448727482,0.2656066523429339,-0.06294439958987574
20.267212629318237,30521,0.1015315027503204,0.171225365371763,0.12457576401135356,-0.22858253014071553,0.26348257232415123,-0.06358563116158757
20.37514090538025,30619,0.10113073299232693,0.16493327986543604,0.12124937497248313,-0.22790122158524825,0.26155887721710547,-0.0642268627332389
20.485608339309692,30778,0.10561935428767515,0.16777874528144626,0.12786207608144065,-0.22842222224529746,0.2641238040274078,-0.06498832522449736
20.589123010635376,30936,0.10730258727675591,0.16829974599214148,0.126419304927784,-0.22910353080088405,0.26348257232415123,-0.06643109626033963
20.69363045692444,31065,0.10361550549352423,0.16777874528144626,0.1224917612391157,-0.23050622488641007,0.2641638810088765,-0.06358563116158757
20.80533790588379,31088,0.10650104775791797,0.16633597408376544,0.1265395358571993,-0.22922376172247438,0.26460472780514904,-0.06498832522449736
20.92170023918152,31113,0.10277388900074498,0.1682195920366353,0.12345360867208102,-0.23102722554691926,0.2641638810088765,-0.0639864008938767
21.026758432388306,31184,0.10541896940814427,0.16793905319240554,0.12245168426275609,-0.23018560909537367,0.26508565158314673,-0.0642268627332389
21.130919456481934,31187,0.10573958521540605,0.16465274102196326,0.1254975344692709,-0.22962453146114425,0.26708950066090437,-0.06751317453703128
21.24410343170166,31162,0.10481781476970632,0.16553443453023714,0.12461584098777241,-0.22934399264406963,0.26352264930559144,-0.0647478633851616
21.353113651275635,31170,0.10401627525214903,0.16733789852641753,0.12245168426275609,-0.22810160645448718,0.2649654206386232,-0.06635094231391162
21.464428186416626,31239,0.1033750436383985,0.1689409776363821,0.12209099147556934,-0.22810160645448718,0.26440434289772574,-0.0653089410102655
21.56570291519165,31367,0.10044942440397008,0.16833982296989655,0.11836383267988014,-0.22810160645448718,0.26276118665853077,-0.06190239828571301
21.676475763320923,31348,0.10902589724366883,0.16978259416996497,0.12750138329288865,-0.2301455321214966,0.26712957764250517,-0.06406655484033169
21.794135332107544,31226,0.10874535841171407,0.1681795150588842,0.12770176817540618,-0.22922376172247438,0.2663280380108298,-0.06550932587636317
21.901116371154785,31264,0.10393612130041588,0.169622286258761,0.12289253100277327,-0.23086691765136802,0.2603565677772699,-0.06727271269778033
22.00352668762207,31213,0.1014513487987136,0.16685697479384148,0.1222112224046216,-0.22834206829759165,0.2651257285646581,-0.06643109626033963
22.115620851516724,31095,0.10577966219131843,0.16809936110338602,0.12886400049456892,-0.22930391567020403,0.2650455746016371,-0.0662707883674827
22.22294020652771,30939,0.09996850069471719,0.16172712165813274,0.1211692210198337,-0.22750045184681061,0.2638432651571771,-0.06763340545665382
22.34078550338745,30695,0.10533881545633915,0.1700631330146233,0.12481622586988339,-0.22890314593157762,0.26500549762012926,-0.06370586208127678
22.448694467544556,30455,0.10008873162201681,0.1660554352399706,0.1232131468137795,-0.22786114461140206,0.2649654206386232,-0.06574978771567287
22.554101943969727,30250,0.10437696803499898,0.16833982296989655,0.12305283890826746,-0.22826191434988802,0.26328218741697673,-0.0654692489031441
22.663081645965576,30039,0.10541896940814427,0.1674180524818654,0.1219707605465271,-0.23311122818989238,0.26432418893476883,-0.06695209691210012
22.77202582359314,29893,0.10353535154181157,0.16773866830370973,0.12124937497248313,-0.23074668672971044,0.26476503573111976,-0.06338524629543417
22.880361318588257,29769,0.10746289518057339,0.17002305603681098,0.12645938190425463,-0.22738022092528978,0.26548642139834083,-0.06599024955497444
22.98622488975525,29597,0.10874535841171407,0.1691814395030601,0.12437537912927624,-0.22786114461140206,0.26728988556892624,-0.0626237838039969
23.100061655044556,29626,0.10169181065354616,0.1666565899053243,0.1224917612391157,-0.22429429394122014,0.2628413406213491,-0.06751317453703128
23.203079223632812,29656,0.10750297215653037,0.16841997692541066,0.12425514820004327,-0.22954437751340592,0.2648852666756165,-0.06302455353634306
23.315484762191772,29514,0.10698197146917088,0.1682195920366353,0.12469599494061344,-0.22914360777474696,0.2663681149923966,-0.06458755549226648
23.42231035232544,29329,0.10377581339696187,0.1664562050168401,0.1230929158846438,-0.22862260711457139,0.2630818025098467,-0.06635094231391162
23.52995777130127,29247,0.10489796872148466,0.17030359488152538,0.12742122933988959,-0.2303058400170082,0.26344249534271275,-0.061862321312472705
23.64011025428772,29138,0.10389604432455084,0.1666565899053243,0.12730099841039952,-0.22766075974217925,0.2679311172748975,-0.06566963376923722
23.749029397964478,29153,0.10225288831496414,0.16882074670306108,0.12441545610568946,-0.22942414659180255,0.2654463444168134,-0.06514863311738325
23.85538339614868,29064,0.10569950823949473,0.16801920714789312,0.1265395358571993,-0.22910353080088405,0.26688911575292734,-0.0654692489031441
23.974103689193726,28924,0.10193227250841522,0.16637605106145564,0.12265206914456539,-0.22806152948063835,0.26508565158314673,-0.06522878706382484
24.078103065490723,28835,0.10742281820461747,0.16569474244090066,0.12758153724589227,-0.22874283803614226,0.26761050142185444,-0.06214286012514971
24.185149908065796,28808,0.10654112473385001,0.16781882225918407,0.1281025379405265,-0.22754052882065198,0.26745019349537597,-0.06743302059061518
24.293100118637085,28838,0.10305442783162139,0.16661651292762483,0.12625899702191273,-0.2250156794696844,0.2697746584321295,-0.06406655484033169
24.401202917099,28965,0.10702204844511537,0.16866043879198495,0.12545745749282736,-0.22962453146114425,0.26813150218310783,-0.06442724759936766
24.50901985168457,28961,0.10413650617975645,0.1674180524818654,0.12437537912927624,-0.22734014395145058,0.26500549762012926,-0.06366578510804728
24.61610460281372,29000,0.10622050892642274,0.1698226711477693,0.1291445393303726,-0.2269393742130878,0.26997504334075406,-0.0646677094387145
24.73009490966797,29004,0.1088655893396884,0.1690211315919361,0.12962546304902356,-0.22890314593157762,0.2727002781025411,-0.0642268627332389
24.832589387893677,29114,0.10493804569737537,0.16801920714789312,0.1241349172708204,-0.22946422356566978,0.26656849990025727,-0.0639864008938767
24.946335315704346,29242,0.10593997009497824,0.16693712874925762,0.12601853516313974,-0.22994514725211937,0.26728988556892624,-0.06434709365291685
25.061091899871826,29230,0.10850489655579369,0.16521381870897311,0.12854338468229037,-0.22950430053953758,0.2678108863299929,-0.06450740154581754
25.168344497680664,29274,0.10581973916723184,0.16757836039277696,0.12778192212842115,-0.2307066097558257,0.26608757612146683,-0.06526886403704528
25.277740240097046,29455,0.10654112473385001,0.17170628910608152,0.12718076748091967,-0.2316684571292124,0.2683318870913631,-0.0647478633851616
25.38440990447998,29481,0.10598004707089577,0.1674180524818654,0.12698038259847588,-0.22794129855909495,0.26789104029326083,-0.06623071139426791
25.492807388305664,29480,0.10157157972612532,0.17054405674847561,0.12257191519183833,-0.22858253014071553,0.26728988556892624,-0.06330509234897114
25.596065521240234,29528,0.10898582026767216,0.1704639027928202,0.13002623281469206,-0.2316283801553149,0.2707765829757042,-0.06414670878678577
25.705174207687378,29514,0.10361550549352423,0.16850013088093013,0.12477614889345895,-0.22934399264406963,0.2672498085873183,-0.06382609300096387
25.812184810638428,29608,0.1070621254210609,0.16862036181421924,0.12673992073958076,-0.22826191434988802,0.26624788404770167,-0.0647879403583848
25.923094034194946,29734,0.10782358796422367,0.16793905319240554,0.12966554002558525,-0.22705960513459106,0.2692937346516145,-0.06314478445604224
26.03013777732849,29743,0.10838466562784764,0.16745812945959132,0.1272208444574118,-0.22942414659180255,0.26708950066090437,-0.06599024955497444
26.140040397644043,29917,0.10878543538770448,0.1678989762146637,0.1298659249084109,-0.22806152948063835,0.268652502944665,-0.06731278967098937
26.248262643814087,30060,0.10421666013149986,0.16898105461415844,0.1290243084007356,-0.22814168342833657,0.26801127123817625,-0.06566963376923722
26.35303521156311,30085,0.10365558246938211,0.16777874528144626,0.12597845818668152,-0.22786114461140206,0.266728807826578,-0.06743302059061518
26.46398138999939,30138,0.11058889930835926,0.1662157431507026,0.12954530909590362,-0.22661875842243595,0.2711773527934507,-0.06723263572457107
26.57208752632141,30130,0.1110698230208943,0.1690211315919361,0.1290643853772801,-0.23078676370359574,0.26769065538510445,-0.0647478633851616
26.68018651008606,30229,0.1055392003358597,0.1662157431507026,0.12862353863535314,-0.22922376172247438,0.27185866148403554,-0.06739294361740679
26.786361932754517,30281,0.10726251030080414,0.16938182439199506,0.12758153724589227,-0.22874283803614226,0.2692135806882206,-0.06246347591105172
26.8980770111084,30234,0.10994766769188234,0.16797913017014865,0.12830292282312936,-0.22557675710305156,0.2722193543204398,-0.06502840219771917
27.013923406600952,30228,0.10870528143572473,0.16781882225918407,0.12990600188497947,-0.22950430053953758,0.26841204105467775,-0.0647478633851616
27.12103295326233,30213,0.1083445886518677,0.16637605106145564,0.12798230701097849,-0.22577714197213622,0.2692135806882206,-0.06366578510804728
27.225733757019043,30065,0.10630066287827333,0.1682195920366353,0.12637922795131448,-0.22802145250678998,0.2677307323667321,-0.0649482482512753
27.335091590881348,30024,0.11010797559597628,0.16829974599214148,0.12994607886154919,-0.22950430053953758,0.2733014328305361,-0.06502840219771917
27.443116903305054,29955,0.10846481957981063,0.16749820643731853,0.12786207608144065,-0.22886306895771796,0.271898738465851,-0.06707232783173185
27.552025079727173,29922,0.10930643607567499,0.1714257502610389,0.1282628458466065,-0.22930391567020403,0.2682116561464046,-0.06350547721512692
27.661006689071655,29870,0.1095468979317212,0.16637605106145564,0.1293449242131238,-0.22906345382702167,0.27185866148403554,-0.0643070166796911
27.766616582870483,29753,0.10694189449322743,0.1678989762146637,0.1241349172708204,-0.22754052882065198,0.2694139655967189,-0.061100858820860283
27.8780574798584,29697,0.10810412679601007,0.1670974366601057,0.12922469328346964,-0.22545652618160705,0.2749445890891489,-0.06378601602773508
27.98705554008484,29704,0.10846481957981063,0.16938182439199506,0.1316293118785153,-0.22846229921915118,0.27089681392100917,-0.06763340545665382
28.094067811965942,29607,0.10702204844511537,0.16713751363782106,0.12954530909590362,-0.22866268408842783,0.2694941195601308,-0.06462763246549061
28.203110456466675,29503,0.10890566631568195,0.17038374883717014,0.12950523211934536,-0.22758060579449388,0.2702956591946473,-0.0653490179834855
28.311208486557007,29365,0.10942666700369337,0.16846005390316973,0.13154915792528032,-0.23058637883417465,0.2712975837388099,-0.06254362985752479
28.419015645980835,29435,0.10473766081793211,0.16693712874925762,0.12910446235382578,-0.2260576807888769,0.26789104029326083,-0.0626638607772326
28.53066849708557,29499,0.1076632800603687,0.16890090065860708,0.13054723351023262,-0.22689929723925445,0.27217927733860986,-0.06611048047462219
28.64228343963623,29431,0.10501819964915989,0.16801920714789312,0.12489637982273565,-0.22738022092528978,0.26708950066090437,-0.06554940284958202
28.750144004821777,29372,0.10918620514766605,0.16846005390316973,0.13186977373824788,-0.22834206829759165,0.2716582765749856,-0.0660704035014065
28.856019973754883,29277,0.10409642920388627,0.1675382834150471,0.12533722656350343,-0.22717983605609907,0.2709769678845548,-0.06458755549226648
28.963968753814697,29241,0.1044971989626341,0.16757836039277696,0.12686015166902323,-0.22750045184681061,0.2703357361763921,-0.06538909495670525
29.075597524642944,29252,0.11010797559597628,0.1691814395030601,0.13066746444000035,-0.22842222224529746,0.2731812018849043,-0.06843494492075433
29.181049585342407,29275,0.1100678986199512,0.16633597408376544,0.12798230701097849,-0.22762068276833627,0.274183126432337,-0.06655132717998
29.290141820907593,29409,0.11147059278145656,0.17030359488152538,0.1298659249084109,-0.2270195281607561,0.27057619806689887,-0.06290432261664172
29.395883560180664,29518,0.10818428074795844,0.16777874528144626,0.13146900397205,-0.22826191434988802,0.2735418947218488,-0.06458755549226648
29.5121910572052,29563,0.10686174054134363,0.16585505035158526,0.12682007469254128,-0.22689929723925445,0.27426328039618086,-0.06310470748280941
29.621671199798584,29693,0.11227213230289933,0.16701728270467905,0.13271139024763995,-0.22681914329158936,0.2770686691353294,-0.06370586208127678
29.730733633041382,29801,0.11359467251421097,0.1690612085697151,0.133432775827526,-0.22906345382702167,0.27450374228775637,-0.0653490179834855
29.839571714401245,29893,0.10746289518057339,0.1674180524818654,0.12946515514278825,-0.22806152948063835,0.2703357361763921,-0.06599024955497444
29.943373918533325,30139,0.11038851442818122,0.1700631330146233,0.1307876953697784,-0.22866268408842783,0.27398274152275925,-0.06550932587636317
30.055161952972412,30205,0.11139043882933562,0.16862036181421924,0.133432775827526,-0.22725999000377375,0.2727804320662501,-0.0660704035014065
30.164101123809814,30276,0.10794381889212587,0.1680592841256389,0.12966554002558525,-0.2281817604021865,0.2678108863299929,-0.0659100956085415
30.275811910629272,30351,0.10830451167588881,0.16597528128461253,0.13170946583175486,-0.228221837376037,0.27502474305306224,-0.06891586859917354
30.380168676376343,30280,0.10614035497457627,0.16837989994765296,0.1282628458466065,-0.22950430053953758,0.26981473541385076,-0.06462763246549061
30.487138032913208,30277,0.11211182439857677,0.16870051576975198,0.1335129297808699,-0.22790122158524825,0.2713777377023918,-0.06522878706382484
30.594043016433716,30327,0.10698197146917088,0.16533404964193726,0.12978577095527719,-0.22770083671602273,0.2709769678845548,-0.06350547721512692
30.706491231918335,30440,0.1084247426038286,0.1662558201283889,0.13114838815917482,-0.22766075974217925,0.2739426645408492,-0.06867540675996776
30.815468549728394,30539,0.1115908237096459,0.16809936110338602,0.1307876953697784,-0.2274603748729698,0.2737422796313262,-0.06454747851904212
30.92210817337036,30590,0.10686174054134363,0.1682195920366353,0.1277418451519131,-0.22882299198385886,0.26624788404770167,-0.06550932587636317
31.029052257537842,30591,0.11311374880087226,0.16469281799959828,0.12950523211934536,-0.22910353080088405,0.27141781468418547,-0.05945770291760039
31.137168169021606,30598,0.1072224333248534,0.1692615934586301,0.1335129297808699,-0.2260977577626991,0.27698851517122897,-0.06639101928712574
31.244174003601074,30644,0.10798389586809536,0.16553443453023714,0.1298659249084109,-0.22573706499831825,0.27654766836880795,-0.06426693970646513
31.355427503585815,30759,0.11018812954802956,0.16833982296989655,0.1292647702600199,-0.2269393742130878,0.27177850752041016,-0.0654692489031441
31.46029496192932,30952,0.10994766769188234,0.1682195920366353,0.12806246096400936,-0.22998522422599374,0.2722995082841052,-0.06558947982280065
31.569205045700073,31055,0.11139043882933562,0.16581497337391213,0.1309880802527649,-0.22870276106228477,0.2757461287286118,-0.06715248177815189
31.678112745285034,31190,0.1095468979317212,0.16593520430693545,0.1307876953697784,-0.2270195281607561,0.2731010479211589,-0.06498832522449736
31.78506326675415,31222,0.11227213230289933,0.1704639027928202,0.13367323768757172,-0.22994514725211937,0.274183126432337,-0.06566963376923722
31.893075227737427,31157,0.10698197146917088,0.1678989762146637,0.13403393047771894,-0.22742029789912951,0.27702859215327824,-0.06751317453703128
31.999439001083374,31300,0.11307367182476763,0.169742517192162,0.13443470024465998,-0.23339176700733105,0.2760266676025969,-0.06322493840250716
32.11173343658447,31374,0.10778351098825836,0.1678989762146637,0.1309880802527649,-0.22882299198385886,0.2685723489813287,-0.06703225085852149
32.22407579421997,31498,0.11151066975751861,0.16829974599214148,0.131909850714874,-0.22770083671602273,0.2731010479211589,-0.06639101928712574
32.330076694488525,31635,0.1110698230208943,0.16501343382072578,0.12682007469254128,-0.22573706499831825,0.2765075913867807,-0.07003802384870066
32.433125257492065,31778,0.10962705188374501,0.1660554352399706,0.13142892699543657,-0.2285424531668602,0.27698851517122897,-0.06490817127805303
32.5459098815918,31882,0.11090951511669903,0.16589512732925968,0.13134877304221315,-0.22581721894595472,0.2773091310276749,-0.0668318659924664
32.6560914516449,31896,0.1042567371073731,0.16653635897222982,0.1254975344692709,-0.22493552552206889,0.2733014328305361,-0.06518871009060416
32.76882839202881,31932,0.11211182439857677,0.17078451861547403,0.13651870303464086,-0.22954437751340592,0.2741430494504178,-0.06695209691210012
32.877644062042236,32010,0.11303359484866408,0.1676985913259746,0.1367190879184603,-0.22978483935662744,0.27654766836880795,-0.0667116350728307
32.98357391357422,32195,0.10934651305168007,0.1692615934586301,0.13034684862730941,-0.2266989123700957,0.2720189694113082,-0.06759332848344653
33.09667682647705,32337,0.11066905326043784,0.16661651292762483,0.13102815722936564,-0.22846229921915118,0.2749445890891489,-0.06502840219771917
33.19668793678284,32399,0.11151066975751861,0.1671775906155377,0.13447477722136053,-0.22886306895771796,0.2760667445846022,-0.06695209691210012
33.30905771255493,32505,0.10521858452863919,0.16898105461415844,0.1319499276915013,-0.22517598736492167,0.27450374228775637,-0.06574978771567287
33.413069009780884,32555,0.10738274122866258,0.16793905319240554,0.133432775827526,-0.22677906631775763,0.2766678993149007,-0.06707232783173185
33.528637170791626,32610,0.10646097078198696,0.16721766759325568,0.13034684862730941,-0.22709968210842651,0.2744235883238905,-0.06699217388531091
33.63625359535217,32550,0.10465750686616199,0.1656546654632328,0.1301063867678395,-0.22930391567020403,0.27181858450222196,-0.0646677094387145
33.743831157684326,32492,0.1068216635654033,0.16801920714789312,0.12838307677617847,-0.2278210676375564,0.27258004715699125,-0.06314478445604224
33.84909653663635,32461,0.10634073985420019,0.16333020076074106,0.12990600188497947,-0.22870276106228477,0.2712174297752353,-0.0684750218939571
33.95612978935242,32370,0.10650104775791797,0.16553443453023714,0.1316293118785153,-0.2228515228847959,0.275144973998946,-0.070799486339359
34.06492900848389,32336,0.10309450480746495,0.16489320288779316,0.12245168426275609,-0.22778099066371132,0.26969450446869225,-0.06330509234897114
34.17870235443115,32298,0.10333496666254778,0.1671775906155377,0.12461584098777241,-0.2229316768323575,0.27398274152275925,-0.06470778641193817
34.283058404922485,32252,0.10806404982003745,0.1681795150588842,0.13170946583175486,-0.22721991302993613,0.27610682156660926,-0.06386616997419242
34.3920373916626,32125,0.1033750436383985,0.1616469677030569,0.12581815028085994,-0.22613783473652183,0.2733014328305361,-0.0649482482512753
34.5001425743103,32065,0.10714227937295509,0.16801920714789312,0.12918461630692055,-0.22545652618160705,0.2760266676025969,-0.06743302059061518
34.611372232437134,32022,0.11054882233232154,0.16994290208119028,0.1327514672242904,-0.22830199132373957,0.27458389625162943,-0.06442724759936766
34.71599459648132,32039,0.10549912335995353,0.16878066972529004,0.12525707261062644,-0.22645845052712277,0.2692135806882206,-0.06655132717998
34.82510828971863,32126,0.10545904638404839,0.1682195920366353,0.12866361561188627,-0.22914360777474696,0.27185866148403554,-0.06550932587636317
34.93512463569641,32018,0.1095468979317212,0.16597528128461253,0.132511005364405,-0.22689929723925445,0.27462397323356874,-0.06566963376923722
35.04661965370178,31813,0.10429681408324736,0.16501343382072578,0.12501661075202244,-0.23110737949469812,0.2696143505052623,-0.05889662529199921
35.15870141983032,31745,0.1100278216439272,0.16533404964193726,0.13158923490189722,-0.22601760381505523,0.27578620571060414,-0.06426693970646513
35.263806104660034,31707,0.10569950823949473,0.1666565899053243,0.12645938190425463,-0.22918368474861042,0.26985481239557385,-0.06603032652819059
35.372966289520264,31707,0.10670143263758852,0.16757836039277696,0.12834299979965333,-0.22709968210842651,0.2706162750486563,-0.06651125020676676
35.48369097709656,31634,0.10662127868571718,0.16749820643731853,0.12714069050442864,-0.2281817604021865,0.2683719640730195,-0.06434709365291685
35.588072538375854,31562,0.106901817517285,0.16449243311143621,0.1256578423750564,-0.231588303181418,0.2724998931933004,-0.061100858820860283
35.69930100440979,31451,0.10902589724366883,0.16609551221765162,0.13255108234104968,-0.22709968210842651,0.27642743742273174,-0.06566963376923722
35.805994272232056,31401,0.10718235634890373,0.16729782154869557,0.1256578423750564,-0.22649852750095026,0.27306097093928894,-0.06342532326866532
35.91517639160156,31523,0.10694189449322743,0.16517374173132102,0.12677999771606047,-0.22758060579449388,0.26985481239557385,-0.0646677094387145
36.028632164001465,31656,0.10846481957981063,0.16501343382072578,0.12894415444764998,-0.22637829657946934,0.2746640502155098,-0.06410663181355886
36.133177518844604,31755,0.10097042508915788,0.16970244021436032,0.12441545610568946,-0.22742029789912951,0.2689731187980821,-0.06615055744783765
36.24114155769348,32006,0.10561935428767515,0.16701728270467905,0.12938500118967747,-0.22774091368986676,0.2729808169755545,-0.06426693970646513
36.34986114501953,32208,0.10822435772393417,0.16673674386072723,0.12742122933988959,-0.22529621828635513,0.27322127886677977,-0.06735286664419818
36.45457434654236,32411,0.10209258041168154,0.16613558919533394,0.12397460936520559,-0.2247351406530393,0.27045596712163733,-0.06562955679601905
36.56957125663757,32568,0.10577966219131843,0.16641612803914724,0.1277418451519131,-0.22826191434988802,0.27169835355679195,-0.0653490179834855
36.67609000205994,32592,0.10441704501087633,0.16124619792775535,0.1281025379405265,-0.22533629526016732,0.27266020112068934,-0.06566963376923722
36.786017417907715,32484,0.10225288831496414,0.16409166333521025,0.12525707261062644,-0.22730006697761188,0.27161819959318106,-0.06843494492075433
36.89420986175537,32400,0.10305442783162139,0.1643722021785547,0.12569791935150562,-0.22846229921915118,0.2715781226113783,-0.06759332848344653
37.00776433944702,32400,0.09816503678630642,0.16685697479384148,0.11952606499149339,-0.2306264558080578,0.2672097316057121,-0.06623071139426791
37.113407373428345,32340,0.10593997009497824,0.16525389568662655,0.12589830423376847,-0.22685922026542166,0.27266020112068934,-0.06222301407162668
37.216718912124634,32152,0.10301435085577884,0.16272904609701905,0.120568066375104,-0.22810160645448718,0.26789104029326083,-0.06314478445604224
37.32514476776123,31871,0.10433689105912267,0.16533404964193726,0.12397460936520559,-0.22469506367923495,0.26801127123817625,-0.06623071139426791
37.43724727630615,31740,0.10646097078198696,0.16958220928096335,0.12690022864550632,-0.22790122158524825,0.2679311172748975,-0.06655132717998
37.54402494430542,31729,0.10417658315562764,0.161085890017671,0.12473607191703563,-0.22557675710305156,0.2741430494504178,-0.06242339893781481
37.653231382369995,31800,0.10173188762935513,0.16497335684308026,0.12485630284630896,-0.22617791171034507,0.2724598162114577,-0.06418678576001245
37.761120319366455,32013,0.10365558246938211,0.16914136252527712,0.12830292282312936,-0.22842222224529746,0.27185866148403554,-0.07007810082189504
37.87200856208801,32035,0.09888642234942736,0.16757836039277696,0.12465591796419236,-0.2250156794696844,0.27037581315813874,-0.06615055744783765
37.98108530044556,32010,0.10393612130041588,0.1660153582622909,0.12381430145960867,-0.22429429394122014,0.2700952742859505,-0.06538909495670525
38.09549951553345,31872,0.10529873848043814,0.16637605106145564,0.1290243084007356,-0.22890314593157762,0.2726201241388394,-0.06406655484033169
38.200082540512085,31626,0.10113073299232693,0.16513366475367025,0.12201083752287341,-0.2236931393342953,0.27173843053860014,-0.0653490179834855
38.30808115005493,31570,0.1026937350490752,0.1682195920366353,0.1255376114457156,-0.22633821960564346,0.27001512032248437,-0.0659100956085415
38.41722655296326,31342,0.10441704501087633,0.16846005390316973,0.12714069050442864,-0.22689929723925445,0.26877273388968287,-0.06522878706382484
38.52616882324219,31241,0.1026937350490752,0.1694619783475784,0.12533722656350343,-0.22846229921915118,0.268652502944665,-0.06426693970646513
38.638320207595825,31231,0.10417658315562764,0.16569474244090066,0.12601853516313974,-0.22774091368986676,0.27089681392100917,-0.062022629205432465
38.74207854270935,31168,0.10157157972612532,0.16140650583786043,0.12120929799615787,-0.22337252354398304,0.27181858450222196,-0.06522878706382484
38.85400199890137,31222,0.10285404295241886,0.16429204822330687,0.12329330076654221,-0.22469506367923495,0.2696143505052623,-0.06470778641193817
38.96321725845337,31319,0.10085019416179171,0.16349050867111645,0.12433530215286412,-0.22661875842243595,0.2710571218481077,-0.0660704035014065
39.07575297355652,31353,0.10097042508915788,0.1642118942680643,0.12104899009086788,-0.22489544854826193,0.2695341965418395,-0.06434709365291685
39.18117332458496,31446,0.10137119484711087,0.1584808864816925,0.12189060659383782,-0.22657868144860685,0.2749445890891489,-0.06222301407162668
39.28805732727051,31503,0.10429681408324736,0.1662157431507026,0.1239345323888047,-0.22721991302993613,0.26660857688183476,-0.06470778641193817
39.396127462387085,31604,0.09872611444648362,0.1688608236808334,0.12096883613822954,-0.22750045184681061,0.2650455746016371,-0.06675171204604283
39.50967288017273,31689,0.09836542166491867,0.16581497337391213,0.12072837428034099,-0.224494678810221,0.2724197392296169,-0.061822244339232175
39.61406993865967,31600,0.10012880859778538,0.16469281799959828,0.11972644987289921,-0.22589737289359335,0.2691334267248339,-0.06562955679601905
39.72555208206177,31419,0.09800472888343459,0.16533404964193726,0.12084860520928029,-0.22597752684123404,0.2674902704769929,-0.0646677094387145
39.833038330078125,31239,0.09896657630090525,0.16485312591015158,0.12144975985412601,-0.2244145248626191,0.2720991233749554,-0.0654692489031441
39.945656061172485,31085,0.10309450480746495,0.16220804538869685,0.12285245402640249,-0.2260576807888769,0.27306097093928894,-0.06210278315191089
40.05305743217468,31003,0.10016888557355494,0.16308973889521705,0.11936575708638848,-0.22445460183641983,0.2698948893772988,-0.06130124368708271
40.15802550315857,30955,0.10265365807324184,0.16585505035158526,0.12437537912927624,-0.22429429394122014,0.2710571218481077,-0.06587001863532467
40.267234563827515,30802,0.0996478848886291,0.16785889923692324,0.12509676470488595,-0.22345267749155798,0.26741011651376084,-0.07039871660744275
40.378594636917114,30765,0.10109065601653316,0.16701728270467905,0.12233145333368384,-0.2247752176268442,0.2706162750486563,-0.068555175840362
40.48766899108887,30741,0.10161165670193126,0.16401150937998074,0.12625899702191273,-0.22641837355329578,0.2738224335951299,-0.06434709365291685
40.593069314956665,30621,0.0972833433207085,0.16469281799959828,0.12173029868847254,-0.22814168342833657,0.2669692697161128,-0.06635094231391162
40.70005774497986,30621,0.10137119484711087,0.16473289497723465,0.12477614889345895,-0.22529621828635513,0.2728205090481074,-0.06414670878678577
40.81364464759827,30628,0.10417658315562764,0.1662157431507026,0.12621892004544774,-0.22461490973162782,0.27426328039618086,-0.06971740806313814
40.91790461540222,30649,0.10137119484711087,0.17030359488152538,0.12181045264115296,-0.22846229921915118,0.26829181010970843,-0.0646677094387145
41.0346462726593,30850,0.10077004021021929,0.16345043169352066,0.12806246096400936,-0.2260576807888769,0.2720189694113082,-0.07168117974950379
41.14214372634888,31048,0.10273381202490958,0.16393135542475648,0.1251368416813194,-0.22597752684123404,0.2715380456295774,-0.06346540024189623
41.2471706867218,31032,0.09740357424780713,0.16393135542475648,0.12144975985412601,-0.22786114461140206,0.26712957764250517,-0.0671925587513616
41.357743978500366,30974,0.09912688420387303,0.16797913017014865,0.12397460936520559,-0.22445460183641983,0.271457891665981,-0.06526886403704528
41.46395659446716,30903,0.10197234948423027,0.16785889923692324,0.1266597667866248,-0.22533629526016732,0.2710170448663304,-0.06482801733160777
41.57219338417053,30991,0.09800472888343459,0.16593520430693545,0.12124937497248313,-0.22794129855909495,0.267971194256536,-0.06358563116158757
41.68112921714783,31056,0.10397619827628193,0.16653635897222982,0.1232532237901603,-0.2260977577626991,0.2715380456295774,-0.06254362985752479
41.790993213653564,31099,0.09876619142221806,0.16393135542475648,0.12181045264115296,-0.22409390907223223,0.27081665995747073,-0.06486809430483051
41.902748823165894,31227,0.09876619142221806,0.1670974366601057,0.12453568703493584,-0.2254966031554214,0.2709769678845548,-0.06578986468889036
42.010738372802734,31398,0.10397619827628193,0.16685697479384148,0.12533722656350343,-0.22762068276833627,0.2710971988298869,-0.06550932587636317
42.1190550327301,31528,0.09884634537368994,0.1660554352399706,0.12397460936520559,-0.2278210676375564,0.26981473541385076,-0.06330509234897114
42.2252242565155,31770,0.1021727343633208,0.16641612803914724,0.12377422448321225,-0.22617791171034507,0.27065635203041555,-0.06470778641193817
42.33155131340027,31965,0.10525866150453815,0.1690612085697151,0.12710061352793875,-0.22790122158524825,0.2692135806882206,-0.06502840219771917
42.44327640533447,32020,0.0996478848886291,0.16581497337391213,0.12181045264115296,-0.22866268408842783,0.2713777377023918,-0.06522878706382484
42.55292725563049,32190,0.09804480585915105,0.16874059274752035,0.11900506429996663,-0.22758060579449388,0.26656849990025727,-0.06362570813481754
42.66452360153198,32328,0.09996850069471719,0.16541420359725326,0.12337345471930938,-0.22333244657019632,0.2712575067570217,-0.06919640741157068
42.77675175666809,32353,0.10141127182291174,0.16529397266428125,0.12265206914456539,-0.2279813755329422,0.26981473541385076,-0.06498832522449736
42.88099455833435,32250,0.10277388900074498,0.1673779755041408,0.12862353863535314,-0.22565691105068383,0.27342166377618426,-0.06635094231391162
42.99113965034485,32206,0.10004865464624926,0.16557451150790106,0.12625899702191273,-0.2266989123700957,0.2720590463931309,-0.0647879403583848
43.09910345077515,32206,0.09800472888343459,0.1662958971060765,0.11956614196777235,-0.22337252354398304,0.27053612108514324,-0.0653089410102655
43.21240282058716,32366,0.10205250343586343,0.16417181729044497,0.12525707261062644,-0.2247752176268442,0.27306097093928894,-0.06574978771567287
43.32124471664429,32482,0.0997280388401451,0.16545428057491324,0.12265206914456539,-0.22229044525192215,0.2707765829757042,-0.0667116350728307
43.42901587486267,32645,0.10008873162201681,0.16633597408376544,0.1241349172708204,-0.22649852750095026,0.27386251057703453,-0.0653089410102655
43.533010482788086,32828,0.09940742303410523,0.16473289497723465,0.12501661075202244,-0.22289159985857646,0.27434343436003206,-0.06611048047462219
43.64956283569336,32938,0.09936734605835476,0.16345043169352066,0.12233145333368384,-0.22545652618160705,0.2733815867942997,-0.06595017258175809
43.758711099624634,33067,0.10052957835552633,0.16854020785869184,0.1256578423750564,-0.22581721894595472,0.2710571218481077,-0.06743302059061518
43.864187717437744,33245,0.10501819964915989,0.16725774457097498,0.12910446235382578,-0.22625806565799322,0.2729006630118273,-0.06983763898272563
43.97219204902649,33389,0.10209258041168154,0.15888165625610476,0.12132952892513696,-0.2221702143306051,0.27434343436003206,-0.0649482482512753
44.08105158805847,33583,0.0997280388401451,0.16393135542475648,0.12405476331801077,-0.22281144591101587,0.2724998931933004,-0.06651125020676676
44.19048190116882,33735,0.10341512061425023,0.16236835329892643,0.12734107538689507,-0.22597752684123404,0.2760266676025969,-0.06687194296567786
44.29462218284607,33899,0.10341512061425023,0.16481304893251128,0.12517691865775393,-0.2250156794696844,0.2737823566132272,-0.06554940284958202
44.40933632850647,34112,0.09896657630090525,0.1656546654632328,0.12469599494061344,-0.22313206170127045,0.2727804320662501,-0.06871548373316926
44.5114164352417,34266,0.10477773779381869,0.16429204822330687,0.12605861213959907,-0.22709968210842651,0.2726201241388394,-0.06462763246549061
44.622090578079224,34390,0.10301435085577884,0.16489320288779316,0.12766169119890042,-0.2254164492077933,0.2766678993149007,-0.0654692489031441
44.733726978302,34560,0.10052957835552633,0.16449243311143621,0.12517691865775393,-0.22445460183641983,0.275946513638592,-0.06635094231391162
44.84015679359436,34728,0.10341512061425023,0.16613558919533394,0.12782199910493036,-0.22489544854826193,0.27306097093928894,-0.0671925587513616
44.948015451431274,34752,0.10305442783162139,0.16669666688302512,0.12778192212842115,-0.22457483275782505,0.2724598162114577,-0.06767348242986089
45.05810236930847,34873,0.10357542851766739,0.1666565899053243,0.1234936856484685,-0.22613783473652183,0.27057619806689887,-0.06498832522449736
45.16511344909668,35079,0.1026937350490752,0.16304966191763431,0.12694030562199055,-0.2226912149896789,0.27762974688423864,-0.0647879403583848
45.27619504928589,35223,0.10545904638404839,0.16557451150790106,0.12694030562199055,-0.22361298538671412,0.27578620571060414,-0.0659100956085415
45.39082336425781,35458,0.1070621254210609,0.16521381870897311,0.12629907399837886,-0.22633821960564346,0.27458389625162943,-0.06242339893781481
45.49775052070618,35621,0.10161165670193126,0.16377104751432364,0.12104899009086788,-0.22581721894595472,0.2723796622477778,-0.061341320660326444
45.60988092422485,35950,0.10329488968669809,0.16553443453023714,0.13038692560389176,-0.22229044525192215,0.277469438955942,-0.06731278967098937
45.719701290130615,36148,0.10137119484711087,0.16597528128461253,0.12593838121022444,-0.22509583341730197,0.27526520494484613,-0.06506847917094076
45.830536127090454,36399,0.09952765396136265,0.16292943098489382,0.12233145333368384,-0.22453475578402277,0.2703357361763921,-0.06382609300096387
45.95142889022827,36444,0.10277388900074498,0.16393135542475648,0.12577807330440738,-0.2270195281607561,0.2712575067570217,-0.06482801733160777
46.056039571762085,36309,0.10577966219131843,0.16429204822330687,0.12469599494061344,-0.23018560909537367,0.2722995082841052,-0.06839486794755134
46.16494798660278,36166,0.1002089625493255,0.16545428057491324,0.1217703756648122,-0.22846229921915118,0.26985481239557385,-0.06454747851904212
46.27613043785095,36026,0.10349527456595677,0.1647729719548723,0.12802238398749335,-0.22721991302993613,0.2712174297752353,-0.06486809430483051
46.38857293128967,35866,0.10329488968669809,0.16701728270467905,0.1292647702600199,-0.22649852750095026,0.27446366530582256,-0.06991779292911626
46.497610330581665,35822,0.0993272690826053,0.1670974366601057,0.12509676470488595,-0.22421413999362338,0.27069642901217666,-0.06631086534069727
46.60265040397644,35944,0.10121088694391754,0.16401150937998074,0.12297268495551814,-0.2262179886841689,0.2715380456295774,-0.06502840219771917
46.71398162841797,35886,0.0998081927916651,0.16429204822330687,0.12004706568320571,-0.22653860447477828,0.2673700395321475,-0.06522878706382484
46.820947885513306,35744,0.10561935428767515,0.1613263518828053,0.12786207608144065,-0.2254164492077933,0.27506482003502164,-0.0653490179834855
46.92712378501892,35658,0.10838466562784764,0.16745812945959132,0.1276216142223958,-0.2247752176268442,0.2747442041793976,-0.06358563116158757
47.040247440338135,35412,0.10349527456595677,0.16485312591015158,0.12758153724589227,-0.22485537157445548,0.27306097093928894,-0.06522878706382484
47.14310312271118,35371,0.10830451167588881,0.16000381162514235,0.12954530909590362,-0.22585729591977377,0.2797137499547809,-0.06338524629543417
47.25194835662842,35402,0.10437696803499898,0.1643722021785547,0.1264994588807264,-0.2266989123700957,0.2761468985486181,-0.06454747851904212
47.360209226608276,35513,0.10453727593851453,0.16264889214187825,0.12782199910493036,-0.22365306236050447,0.2760266676025969,-0.06623071139426791
47.46904397010803,35620,0.10654112473385001,0.16357066262631198,0.12862353863535314,-0.22545652618160705,0.27510489701698293,-0.06434709365291685
47.575358390808105,35333,0.10962705188374501,0.16809936110338602,0.13387362257097518,-0.2279813755329422,0.2787919793652711,-0.06374593905450605
47.685445070266724,35286,0.10750297215653037,0.16761843737050816,0.12918461630692055,-0.22577714197213622,0.27582628269259835,-0.06338524629543417
47.79913067817688,35425,0.1119114395181975,0.16517374173132102,0.1371599346629669,-0.22665883539626555,0.2792328261688276,-0.0661906344210529
47.90706181526184,35815,0.10662127868571718,0.16673674386072723,0.13215031257465515,-0.22521606433873229,0.2773492080097389,-0.06562955679601905
48.01970338821411,36414,0.11359467251421097,0.16541420359725326,0.1356770865229205,-0.22489544854826193,0.2799942888300434,-0.06735286664419818
48.122211933135986,37146,0.11427598110837135,0.1643722021785547,0.13744047350045455,-0.22657868144860685,0.2821985228531281,-0.06659140415319302
48.22588276863098,37988,0.10862512748374917,0.16429204822330687,0.13170946583175486,-0.22597752684123404,0.28075575149192816,-0.06615055744783765
48.33425712585449,38881,0.1115908237096459,0.16349050867111645,0.13271139024763995,-0.22597752684123404,0.27754959292008663,-0.06502840219771917
48.44549918174744,39769,0.11367482646644905,0.16545428057491324,0.13852255187416454,-0.22717983605609907,0.2829599855169568,-0.06635094231391162
48.55716371536255,40563,0.11131028487721893,0.16429204822330687,0.13804162815240903,-0.22762068276833627,0.2841222180051532,-0.06731278967098937
48.66922855377197,41517,0.11227213230289933,0.16320996982797317,0.13703970373263274,-0.22521606433873229,0.2848836806706872,-0.0667116350728307
48.78080344200134,42589,0.11443628901292471,0.164532510089066,0.13471523908158822,-0.22641837355329578,0.2817576760480612,-0.06390624694742075
48.892250061035156,43715,0.10910605119566534,0.16613558919533394,0.1356770865229205,-0.2239736781508457,0.2805152895986291,-0.0660704035014065
49.00782513618469,44723,0.11660044572608216,0.161085890017671,0.1379614741987997,-0.22425421696742148,0.2873283766014599,-0.0647879403583848
49.11771059036255,45701,0.11311374880087226,0.16501343382072578,0.13740039652366706,-0.22465498670543113,0.28404206404039944,-0.06783379032268703
49.22222709655762,46744,0.11648021479749074,0.16473289497723465,0.13800155117560375,-0.22561683407686745,0.28752876151412915,-0.06502840219771917
49.32919001579285,47597,0.11451644296520785,0.1660554352399706,0.1402057849016576,-0.22645845052712277,0.28392183309328295,-0.06675171204604283
49.43304944038391,48578,0.11631990689271736,0.16497335684308026,0.14036609280914766,-0.2250557564434929,0.28620622109138316,-0.06550932587636317
49.549176931381226,49679,0.11804321686994182,0.16874059274752035,0.1421294797928039,-0.22685922026542166,0.2844428338642429,-0.06623071139426791
49.65516901016235,50505,0.12052798939879752,0.1671775906155377,0.14373255887087805,-0.22164921367161752,0.2901738423657982,-0.0671925587513616
49.76405358314514,51191,0.11912529522876406,0.16697720572696767,0.1416084790928453,-0.22561683407686745,0.28544475842467193,-0.0660704035014065
49.87412405014038,51813,0.11932568011011499,0.16573481941856982,0.14265048049296603,-0.22405383209843618,0.2893723027129052,-0.0671925587513616
49.9820077419281,52455,0.11980660382546925,0.16401150937998074,0.144854714226683,-0.2269393742130878,0.28680737582874044,-0.06695209691210012
50.08592653274536,53168,0.11984668080175591,0.16669666688302512,0.14309132723941637,-0.22617791171034507,0.2906146891752134,-0.06735286664419818
50.19910526275635,53758,0.11716152339297124,0.16429204822330687,0.13952447629503814,-0.22381337025567094,0.2853245274773585,-0.06787386729589302
50.30612015724182,54243,0.11167097766177743,0.16152673677045284,0.13547670163925393,-0.22493552552206889,0.28436267989945924,-0.06486809430483051
50.417874574661255,54416,0.11724167734540135,0.16613558919533394,0.14281078840074926,-0.22461490973162782,0.28921199478241777,-0.06875556070637052
50.52812743186951,54416,0.11908521825249713,0.16653635897222982,0.140806939554844,-0.22333244657019632,0.2876489924617534,-0.06278409169693824
50.63512349128723,54651,0.11884475639491875,0.16465274102196326,0.1379614741987997,-0.22589737289359335,0.28556498937200225,-0.0647879403583848
50.742125034332275,55223,0.12201083752287341,0.16272904609701905,0.14309132723941637,-0.22641837355329578,0.2883303011652788,-0.06723263572457107
50.84897589683533,55793,0.1217703756648122,0.16525389568662655,0.14681848610164053,-0.22313206170127045,0.2922979224496462,-0.0662707883674827
50.95709013938904,56299,0.12036768149358264,0.16930167043641708,0.14497494515771864,-0.22557675710305156,0.2878493773744983,-0.06538909495670525
51.06786561012268,56959,0.12345360867208102,0.16669666688302512,0.14465432934164799,-0.22481529460064958,0.2901337653831355,-0.06663148112640581
